-- Seed data for AgentProof risk-monitor

INSERT OR REPLACE INTO reputation_scores(agent_id,data,updated_at) VALUES('Cw9UqcgM51XG6A4zdbjxcWKfcwbdAtpJZKKt7PSGe8yp','{"behavior_safety": 18, "completion_rate": 12, "fund_risk": 10, "compliance": 12, "activity_decay": 4, "total": 50, "grade": "B", "premium_multiplier": 1.5}',1777176706.050533);
INSERT OR REPLACE INTO reputation_scores(agent_id,data,updated_at) VALUES('63Vbd4hRNrtCrS1YU4yBmxj9pYZptwX9rSsxaNBinbPt','{"behavior_safety": 18, "completion_rate": 12, "fund_risk": 10, "compliance": 12, "activity_decay": 4, "total": 50, "grade": "B", "premium_multiplier": 1.5}',1777176780.3543339);
INSERT OR REPLACE INTO reputation_scores(agent_id,data,updated_at) VALUES('9SoT2Gy7QPPGRPzWjoRJBvrSKPN3woPXXQntVPDsiuqt','{"behavior_safety": 18, "completion_rate": 12, "fund_risk": 10, "compliance": 12, "activity_decay": 4, "total": 50, "grade": "B", "premium_multiplier": 1.5}',1777176972.7087722);
INSERT OR REPLACE INTO reputation_scores(agent_id,data,updated_at) VALUES('J8ZueaQu2vzstfKxVfuqkj1eEQCABPa2DYDB56Swcf2e','{"behavior_safety": 35, "completion_rate": 25, "fund_risk": 20, "compliance": 10, "activity_decay": 8, "total": 98, "grade": "AAA", "premium_multiplier": 0.5}',1777178127.1930492);
INSERT OR REPLACE INTO reputation_scores(agent_id,data,updated_at) VALUES('J4CrYXKjLCwAuidZ31RKzP9QjEjTkvz4RXwSnKwL3djS','{"behavior_safety": 15, "completion_rate": 12, "fund_risk": 20, "compliance": 10, "activity_decay": 8, "total": 65, "grade": "A", "premium_multiplier": 1.0}',1777186424.867509);
INSERT OR REPLACE INTO reputation_scores(agent_id,data,updated_at) VALUES('AmDPBVYMTLWckf4GCEUrUgCVUvkLBJd5vREN9eyRucVh','{"behavior_safety": 18, "completion_rate": 12, "fund_risk": 10, "compliance": 12, "activity_decay": 4, "total": 50, "grade": "B", "premium_multiplier": 1.5}',1777189127.800622);
INSERT OR REPLACE INTO reputation_scores(agent_id,data,updated_at) VALUES('CZhMwGHmY1JexhCcbvHw135xnZn1ExmvYjwWLRumgqBs','{"behavior_safety": 35, "completion_rate": 25, "fund_risk": 20, "compliance": 12, "activity_decay": 8, "total": 100, "grade": "AAA", "premium_multiplier": 0.5}',1777190089.08222);
INSERT OR REPLACE INTO reputation_scores(agent_id,data,updated_at) VALUES('3tjQm5DoyD7aCcMdyZPfbJNWvJxG15hZorg67Gh9byYt','{"behavior_safety": 35, "completion_rate": 25, "fund_risk": 20, "compliance": 12, "activity_decay": 8, "total": 100, "grade": "AAA", "premium_multiplier": 0.5}',1777195301.780216);

INSERT OR REPLACE INTO score_history(id,agent_id,total_score,scored_at) VALUES(1,'J8ZueaQu2vzstfKxVfuqkj1eEQCABPa2DYDB56Swcf2e',98.0,1777175321.4121768);
INSERT OR REPLACE INTO score_history(id,agent_id,total_score,scored_at) VALUES(2,'Cw9UqcgM51XG6A4zdbjxcWKfcwbdAtpJZKKt7PSGe8yp',50.0,1777175396.9325938);
INSERT OR REPLACE INTO score_history(id,agent_id,total_score,scored_at) VALUES(3,'Cw9UqcgM51XG6A4zdbjxcWKfcwbdAtpJZKKt7PSGe8yp',50.0,1777175397.186928);
INSERT OR REPLACE INTO score_history(id,agent_id,total_score,scored_at) VALUES(4,'J8ZueaQu2vzstfKxVfuqkj1eEQCABPa2DYDB56Swcf2e',98.0,1777175779.511754);
INSERT OR REPLACE INTO score_history(id,agent_id,total_score,scored_at) VALUES(5,'J8ZueaQu2vzstfKxVfuqkj1eEQCABPa2DYDB56Swcf2e',98.0,1777175779.771316);
INSERT OR REPLACE INTO score_history(id,agent_id,total_score,scored_at) VALUES(6,'Cw9UqcgM51XG6A4zdbjxcWKfcwbdAtpJZKKt7PSGe8yp',50.0,1777175868.4957309);
INSERT OR REPLACE INTO score_history(id,agent_id,total_score,scored_at) VALUES(7,'Cw9UqcgM51XG6A4zdbjxcWKfcwbdAtpJZKKt7PSGe8yp',50.0,1777175868.743849);
INSERT OR REPLACE INTO score_history(id,agent_id,total_score,scored_at) VALUES(8,'J4CrYXKjLCwAuidZ31RKzP9QjEjTkvz4RXwSnKwL3djS',65.0,1777176126.992203);
INSERT OR REPLACE INTO score_history(id,agent_id,total_score,scored_at) VALUES(9,'J4CrYXKjLCwAuidZ31RKzP9QjEjTkvz4RXwSnKwL3djS',65.0,1777176127.259039);
INSERT OR REPLACE INTO score_history(id,agent_id,total_score,scored_at) VALUES(10,'9SoT2Gy7QPPGRPzWjoRJBvrSKPN3woPXXQntVPDsiuqt',50.0,1777176175.5816388);
INSERT OR REPLACE INTO score_history(id,agent_id,total_score,scored_at) VALUES(11,'9SoT2Gy7QPPGRPzWjoRJBvrSKPN3woPXXQntVPDsiuqt',50.0,1777176175.894499);
INSERT OR REPLACE INTO score_history(id,agent_id,total_score,scored_at) VALUES(12,'J8ZueaQu2vzstfKxVfuqkj1eEQCABPa2DYDB56Swcf2e',98.0,1777176446.665353);
INSERT OR REPLACE INTO score_history(id,agent_id,total_score,scored_at) VALUES(13,'J8ZueaQu2vzstfKxVfuqkj1eEQCABPa2DYDB56Swcf2e',98.0,1777176446.920413);
INSERT OR REPLACE INTO score_history(id,agent_id,total_score,scored_at) VALUES(14,'9SoT2Gy7QPPGRPzWjoRJBvrSKPN3woPXXQntVPDsiuqt',50.0,1777176456.3073332);
INSERT OR REPLACE INTO score_history(id,agent_id,total_score,scored_at) VALUES(15,'9SoT2Gy7QPPGRPzWjoRJBvrSKPN3woPXXQntVPDsiuqt',50.0,1777176456.564818);
INSERT OR REPLACE INTO score_history(id,agent_id,total_score,scored_at) VALUES(16,'J4CrYXKjLCwAuidZ31RKzP9QjEjTkvz4RXwSnKwL3djS',65.0,1777176607.208626);
INSERT OR REPLACE INTO score_history(id,agent_id,total_score,scored_at) VALUES(17,'J4CrYXKjLCwAuidZ31RKzP9QjEjTkvz4RXwSnKwL3djS',65.0,1777176607.4621382);
INSERT OR REPLACE INTO score_history(id,agent_id,total_score,scored_at) VALUES(18,'9SoT2Gy7QPPGRPzWjoRJBvrSKPN3woPXXQntVPDsiuqt',50.0,1777176613.318018);
INSERT OR REPLACE INTO score_history(id,agent_id,total_score,scored_at) VALUES(19,'9SoT2Gy7QPPGRPzWjoRJBvrSKPN3woPXXQntVPDsiuqt',50.0,1777176613.567065);
INSERT OR REPLACE INTO score_history(id,agent_id,total_score,scored_at) VALUES(20,'9SoT2Gy7QPPGRPzWjoRJBvrSKPN3woPXXQntVPDsiuqt',50.0,1777176669.888391);
INSERT OR REPLACE INTO score_history(id,agent_id,total_score,scored_at) VALUES(21,'9SoT2Gy7QPPGRPzWjoRJBvrSKPN3woPXXQntVPDsiuqt',50.0,1777176670.1904159);
INSERT OR REPLACE INTO score_history(id,agent_id,total_score,scored_at) VALUES(22,'Cw9UqcgM51XG6A4zdbjxcWKfcwbdAtpJZKKt7PSGe8yp',50.0,1777176705.798066);
INSERT OR REPLACE INTO score_history(id,agent_id,total_score,scored_at) VALUES(23,'Cw9UqcgM51XG6A4zdbjxcWKfcwbdAtpJZKKt7PSGe8yp',50.0,1777176706.055557);
INSERT OR REPLACE INTO score_history(id,agent_id,total_score,scored_at) VALUES(24,'J8ZueaQu2vzstfKxVfuqkj1eEQCABPa2DYDB56Swcf2e',98.0,1777176757.0153909);
INSERT OR REPLACE INTO score_history(id,agent_id,total_score,scored_at) VALUES(25,'J8ZueaQu2vzstfKxVfuqkj1eEQCABPa2DYDB56Swcf2e',98.0,1777176757.272543);
INSERT OR REPLACE INTO score_history(id,agent_id,total_score,scored_at) VALUES(26,'63Vbd4hRNrtCrS1YU4yBmxj9pYZptwX9rSsxaNBinbPt',50.0,1777176780.098457);
INSERT OR REPLACE INTO score_history(id,agent_id,total_score,scored_at) VALUES(27,'63Vbd4hRNrtCrS1YU4yBmxj9pYZptwX9rSsxaNBinbPt',50.0,1777176780.358397);
INSERT OR REPLACE INTO score_history(id,agent_id,total_score,scored_at) VALUES(28,'9SoT2Gy7QPPGRPzWjoRJBvrSKPN3woPXXQntVPDsiuqt',50.0,1777176803.8793302);
INSERT OR REPLACE INTO score_history(id,agent_id,total_score,scored_at) VALUES(29,'9SoT2Gy7QPPGRPzWjoRJBvrSKPN3woPXXQntVPDsiuqt',50.0,1777176804.1355011);
INSERT OR REPLACE INTO score_history(id,agent_id,total_score,scored_at) VALUES(30,'J4CrYXKjLCwAuidZ31RKzP9QjEjTkvz4RXwSnKwL3djS',65.0,1777176848.4666822);
INSERT OR REPLACE INTO score_history(id,agent_id,total_score,scored_at) VALUES(31,'J4CrYXKjLCwAuidZ31RKzP9QjEjTkvz4RXwSnKwL3djS',65.0,1777176848.718792);
INSERT OR REPLACE INTO score_history(id,agent_id,total_score,scored_at) VALUES(32,'9SoT2Gy7QPPGRPzWjoRJBvrSKPN3woPXXQntVPDsiuqt',50.0,1777176906.72208);
INSERT OR REPLACE INTO score_history(id,agent_id,total_score,scored_at) VALUES(33,'9SoT2Gy7QPPGRPzWjoRJBvrSKPN3woPXXQntVPDsiuqt',50.0,1777176906.9821281);
INSERT OR REPLACE INTO score_history(id,agent_id,total_score,scored_at) VALUES(34,'J8ZueaQu2vzstfKxVfuqkj1eEQCABPa2DYDB56Swcf2e',98.0,1777176919.899082);
INSERT OR REPLACE INTO score_history(id,agent_id,total_score,scored_at) VALUES(35,'J8ZueaQu2vzstfKxVfuqkj1eEQCABPa2DYDB56Swcf2e',98.0,1777176920.150083);
INSERT OR REPLACE INTO score_history(id,agent_id,total_score,scored_at) VALUES(36,'9SoT2Gy7QPPGRPzWjoRJBvrSKPN3woPXXQntVPDsiuqt',50.0,1777176972.464431);
INSERT OR REPLACE INTO score_history(id,agent_id,total_score,scored_at) VALUES(37,'9SoT2Gy7QPPGRPzWjoRJBvrSKPN3woPXXQntVPDsiuqt',50.0,1777176972.711614);
INSERT OR REPLACE INTO score_history(id,agent_id,total_score,scored_at) VALUES(38,'J8ZueaQu2vzstfKxVfuqkj1eEQCABPa2DYDB56Swcf2e',98.0,1777178127.1956952);
INSERT OR REPLACE INTO score_history(id,agent_id,total_score,scored_at) VALUES(39,'3tjQm5DoyD7aCcMdyZPfbJNWvJxG15hZorg67Gh9byYt',100.0,1777179739.3637938);
INSERT OR REPLACE INTO score_history(id,agent_id,total_score,scored_at) VALUES(40,'3tjQm5DoyD7aCcMdyZPfbJNWvJxG15hZorg67Gh9byYt',100.0,1777179739.617227);
INSERT OR REPLACE INTO score_history(id,agent_id,total_score,scored_at) VALUES(41,'CZhMwGHmY1JexhCcbvHw135xnZn1ExmvYjwWLRumgqBs',100.0,1777180032.726896);
INSERT OR REPLACE INTO score_history(id,agent_id,total_score,scored_at) VALUES(42,'CZhMwGHmY1JexhCcbvHw135xnZn1ExmvYjwWLRumgqBs',100.0,1777180032.981858);
INSERT OR REPLACE INTO score_history(id,agent_id,total_score,scored_at) VALUES(43,'CZhMwGHmY1JexhCcbvHw135xnZn1ExmvYjwWLRumgqBs',100.0,1777180159.013264);
INSERT OR REPLACE INTO score_history(id,agent_id,total_score,scored_at) VALUES(44,'CZhMwGHmY1JexhCcbvHw135xnZn1ExmvYjwWLRumgqBs',100.0,1777180159.269709);
INSERT OR REPLACE INTO score_history(id,agent_id,total_score,scored_at) VALUES(45,'CZhMwGHmY1JexhCcbvHw135xnZn1ExmvYjwWLRumgqBs',100.0,1777180354.395809);
INSERT OR REPLACE INTO score_history(id,agent_id,total_score,scored_at) VALUES(46,'CZhMwGHmY1JexhCcbvHw135xnZn1ExmvYjwWLRumgqBs',100.0,1777180354.658369);
INSERT OR REPLACE INTO score_history(id,agent_id,total_score,scored_at) VALUES(47,'3tjQm5DoyD7aCcMdyZPfbJNWvJxG15hZorg67Gh9byYt',100.0,1777180422.124928);
INSERT OR REPLACE INTO score_history(id,agent_id,total_score,scored_at) VALUES(48,'3tjQm5DoyD7aCcMdyZPfbJNWvJxG15hZorg67Gh9byYt',100.0,1777180422.376087);
INSERT OR REPLACE INTO score_history(id,agent_id,total_score,scored_at) VALUES(49,'3tjQm5DoyD7aCcMdyZPfbJNWvJxG15hZorg67Gh9byYt',100.0,1777180503.00705);
INSERT OR REPLACE INTO score_history(id,agent_id,total_score,scored_at) VALUES(50,'3tjQm5DoyD7aCcMdyZPfbJNWvJxG15hZorg67Gh9byYt',100.0,1777180503.260753);
INSERT OR REPLACE INTO score_history(id,agent_id,total_score,scored_at) VALUES(51,'CZhMwGHmY1JexhCcbvHw135xnZn1ExmvYjwWLRumgqBs',100.0,1777181854.653055);
INSERT OR REPLACE INTO score_history(id,agent_id,total_score,scored_at) VALUES(52,'CZhMwGHmY1JexhCcbvHw135xnZn1ExmvYjwWLRumgqBs',100.0,1777181854.908319);
INSERT OR REPLACE INTO score_history(id,agent_id,total_score,scored_at) VALUES(53,'CZhMwGHmY1JexhCcbvHw135xnZn1ExmvYjwWLRumgqBs',100.0,1777183098.636093);
INSERT OR REPLACE INTO score_history(id,agent_id,total_score,scored_at) VALUES(54,'CZhMwGHmY1JexhCcbvHw135xnZn1ExmvYjwWLRumgqBs',100.0,1777183098.8835561);
INSERT OR REPLACE INTO score_history(id,agent_id,total_score,scored_at) VALUES(55,'3tjQm5DoyD7aCcMdyZPfbJNWvJxG15hZorg67Gh9byYt',100.0,1777186377.8766541);
INSERT OR REPLACE INTO score_history(id,agent_id,total_score,scored_at) VALUES(56,'3tjQm5DoyD7aCcMdyZPfbJNWvJxG15hZorg67Gh9byYt',100.0,1777186378.096426);
INSERT OR REPLACE INTO score_history(id,agent_id,total_score,scored_at) VALUES(57,'CZhMwGHmY1JexhCcbvHw135xnZn1ExmvYjwWLRumgqBs',100.0,1777186398.5842729);
INSERT OR REPLACE INTO score_history(id,agent_id,total_score,scored_at) VALUES(58,'CZhMwGHmY1JexhCcbvHw135xnZn1ExmvYjwWLRumgqBs',100.0,1777186398.777581);
INSERT OR REPLACE INTO score_history(id,agent_id,total_score,scored_at) VALUES(59,'J4CrYXKjLCwAuidZ31RKzP9QjEjTkvz4RXwSnKwL3djS',65.0,1777186424.846677);
INSERT OR REPLACE INTO score_history(id,agent_id,total_score,scored_at) VALUES(60,'J4CrYXKjLCwAuidZ31RKzP9QjEjTkvz4RXwSnKwL3djS',65.0,1777186424.869141);
INSERT OR REPLACE INTO score_history(id,agent_id,total_score,scored_at) VALUES(61,'3tjQm5DoyD7aCcMdyZPfbJNWvJxG15hZorg67Gh9byYt',100.0,1777186564.204382);
INSERT OR REPLACE INTO score_history(id,agent_id,total_score,scored_at) VALUES(62,'3tjQm5DoyD7aCcMdyZPfbJNWvJxG15hZorg67Gh9byYt',100.0,1777186564.407939);
INSERT OR REPLACE INTO score_history(id,agent_id,total_score,scored_at) VALUES(63,'AmDPBVYMTLWckf4GCEUrUgCVUvkLBJd5vREN9eyRucVh',50.0,1777188850.469771);
INSERT OR REPLACE INTO score_history(id,agent_id,total_score,scored_at) VALUES(64,'AmDPBVYMTLWckf4GCEUrUgCVUvkLBJd5vREN9eyRucVh',50.0,1777188850.687244);
INSERT OR REPLACE INTO score_history(id,agent_id,total_score,scored_at) VALUES(65,'AmDPBVYMTLWckf4GCEUrUgCVUvkLBJd5vREN9eyRucVh',50.0,1777188998.258827);
INSERT OR REPLACE INTO score_history(id,agent_id,total_score,scored_at) VALUES(66,'AmDPBVYMTLWckf4GCEUrUgCVUvkLBJd5vREN9eyRucVh',50.0,1777188998.389169);
INSERT OR REPLACE INTO score_history(id,agent_id,total_score,scored_at) VALUES(67,'AmDPBVYMTLWckf4GCEUrUgCVUvkLBJd5vREN9eyRucVh',50.0,1777189127.59962);
INSERT OR REPLACE INTO score_history(id,agent_id,total_score,scored_at) VALUES(68,'AmDPBVYMTLWckf4GCEUrUgCVUvkLBJd5vREN9eyRucVh',50.0,1777189127.802314);
INSERT OR REPLACE INTO score_history(id,agent_id,total_score,scored_at) VALUES(69,'CZhMwGHmY1JexhCcbvHw135xnZn1ExmvYjwWLRumgqBs',100.0,1777190088.83999);
INSERT OR REPLACE INTO score_history(id,agent_id,total_score,scored_at) VALUES(70,'CZhMwGHmY1JexhCcbvHw135xnZn1ExmvYjwWLRumgqBs',100.0,1777190089.085023);
INSERT OR REPLACE INTO score_history(id,agent_id,total_score,scored_at) VALUES(71,'3tjQm5DoyD7aCcMdyZPfbJNWvJxG15hZorg67Gh9byYt',100.0,1777190300.933256);
INSERT OR REPLACE INTO score_history(id,agent_id,total_score,scored_at) VALUES(72,'3tjQm5DoyD7aCcMdyZPfbJNWvJxG15hZorg67Gh9byYt',100.0,1777190301.13737);
INSERT OR REPLACE INTO score_history(id,agent_id,total_score,scored_at) VALUES(73,'3tjQm5DoyD7aCcMdyZPfbJNWvJxG15hZorg67Gh9byYt',100.0,1777195060.0487082);
INSERT OR REPLACE INTO score_history(id,agent_id,total_score,scored_at) VALUES(74,'3tjQm5DoyD7aCcMdyZPfbJNWvJxG15hZorg67Gh9byYt',100.0,1777195061.3869739);
INSERT OR REPLACE INTO score_history(id,agent_id,total_score,scored_at) VALUES(75,'3tjQm5DoyD7aCcMdyZPfbJNWvJxG15hZorg67Gh9byYt',50.0,1777195300.212536);
INSERT OR REPLACE INTO score_history(id,agent_id,total_score,scored_at) VALUES(76,'3tjQm5DoyD7aCcMdyZPfbJNWvJxG15hZorg67Gh9byYt',100.0,1777195301.783183);

INSERT OR REPLACE INTO insurance_policies(id,data,created_at) VALUES(9,'{"buyer_wallet": "J8ZueaQu2vzstfKxVfuqkj1eEQCABPa2DYDB56Swcf2e", "agent_wallet": "CZhMwGHmY1JexhCcbvHw135xnZn1ExmvYjwWLRumgqBs", "policy_type": 0, "coverage_sol": 1.0, "premium_sol": 0.0004, "multiplier": 0.5, "status": "claimed", "tx_sig": "211LoBPT9xraDF1PdYtYeWwmy4oGrjypVAnSzShuuD47byzckTq1xE2P26pmkeAR1hFcRjB3bU9r9gdu5HdKramZ", "expires_at": 1777271852.552213, "created_at": 1777183236.182119, "one_time": true, "claims": [{"failed_tx_sig": "(submitted before audit log \u2014 record unavailable)", "net_loss_sol": 0.0, "payout_sol": 0.0, "loss_ratio": 0.0, "description": "Claim submitted before claim-history logging was enabled.", "claimed_at": 1777271852.552213}]}',1777183236.184352);
INSERT OR REPLACE INTO insurance_policies(id,data,created_at) VALUES(10,'{"buyer_wallet": "J8ZueaQu2vzstfKxVfuqkj1eEQCABPa2DYDB56Swcf2e", "agent_wallet": "3tjQm5DoyD7aCcMdyZPfbJNWvJxG15hZorg67Gh9byYt", "policy_type": 0, "coverage_sol": 1.0, "premium_sol": 0.0014, "multiplier": 0.5, "status": "active", "tx_sig": "5rrXLpvrdwqASiaSUwrRYy3StikxQosLwMWTrx7MFHoS63VTn5vK6At5aeEaS4XbK4TSPqLe5Z9SN2QrYqTxCcYp", "expires_at": 1777788501.511245, "created_at": 1777183701.5112479, "claimed_sol": 0.0032, "claims": [{"failed_tx_sig": "4ahpzyZT8p4GjyTRNQ3RyFAPXv46hBC7wSuLffa3cZgtUNfJrT13AsEU9pEYEcp6wtEp9wcaWrpBo9FodRBV7DQs", "net_loss_sol": 0.001, "payout_sol": 0.0008, "loss_ratio": 1.0, "description": "", "claimed_at": 1777186711.868611}]}',1777183701.513778);
INSERT OR REPLACE INTO insurance_policies(id,data,created_at) VALUES(11,'{"buyer_wallet": "J8ZueaQu2vzstfKxVfuqkj1eEQCABPa2DYDB56Swcf2e", "agent_wallet": "AmDPBVYMTLWckf4GCEUrUgCVUvkLBJd5vREN9eyRucVh", "policy_type": 0, "coverage_sol": 1.0, "premium_sol": 0.0012, "multiplier": 1.5, "status": "claimed", "tx_sig": "3HLuu1yGkvc2jSXAskjCN7V7y5ZqMnP37pMdheJJM9CCkR6pJLHDDZbJj7FaSS9ouFoBXobbGhiN2pncKobqDtYz", "expires_at": 1777275271.07818, "created_at": 1777188871.078182, "one_time": true, "claimed_sol": 0.0, "claims": [{"failed_tx_sig": "(submitted before audit log \u2014 record unavailable)", "net_loss_sol": 0.0, "payout_sol": 0.0, "loss_ratio": 0.0, "description": "Claim submitted before claim-history logging was enabled.", "claimed_at": 1777275271.07818}]}',1777188871.080628);
INSERT OR REPLACE INTO insurance_policies(id,data,created_at) VALUES(12,'{"buyer_wallet": "J8ZueaQu2vzstfKxVfuqkj1eEQCABPa2DYDB56Swcf2e", "agent_wallet": "3tjQm5DoyD7aCcMdyZPfbJNWvJxG15hZorg67Gh9byYt", "policy_type": 0, "coverage_sol": 1.0, "premium_sol": 0.0004, "multiplier": 0.5, "status": "active", "tx_sig": "52Y3hHBrwUAVnYuNQ5VwGpakPJr6Ekacxc53gUCPCSm1qKfz8oVBvB9VpG4vTQYkVN6hYNsVA8V2jPNcngD9zFuf", "expires_at": 1777281784.509668, "created_at": 1777195384.5096698, "one_time": true, "claimed_sol": 0.0}',1777195384.5125492);

INSERT OR REPLACE INTO leaderboard_snapshot(agent_id,data,updated_at) VALUES('CZhMwGHmY1JexhCcbvHw135xnZn1ExmvYjwWLRumgqBs','{"agent_id": "CZhMwGHmY1JexhCcbvHw135xnZn1ExmvYjwWLRumgqBs", "total_score": 100, "grade": "AAA", "behavior_safety": 35, "completion_rate": 25, "fund_risk": 20, "compliance": 12, "activity_decay": 8, "premium_multiplier": 0.5, "has_manifest": true, "name": "Just chill guy", "description": "I know I\u2019m supposed to be a chill guy and low-key not really care about anything but I\u2019m tired of trying to be someone that I\u2019m not I want you to think of something right now that makes you happy that thing you see the thing that lights you up. Chase that all of your soul chase that.", "framework": "elizaos", "external_url": "https://tars.pro/ai-market/character/adb7e4f0-fab6-455e-80d5-5d5eeec12a11", "owner_wallet": "J8ZueaQu2vzstfKxVfuqkj1eEQCABPa2DYDB56Swcf2e", "created_at": 1777179995.552595, "tx_count": 0, "anomaly_count": 0, "max_single_sol": 0.0}',1777225854.502195);
INSERT OR REPLACE INTO leaderboard_snapshot(agent_id,data,updated_at) VALUES('3tjQm5DoyD7aCcMdyZPfbJNWvJxG15hZorg67Gh9byYt','{"agent_id": "3tjQm5DoyD7aCcMdyZPfbJNWvJxG15hZorg67Gh9byYt", "total_score": 100, "grade": "AAA", "behavior_safety": 35, "completion_rate": 25, "fund_risk": 20, "compliance": 12, "activity_decay": 8, "premium_multiplier": 0.5, "has_manifest": true, "name": "GECKO", "description": "The gecko AI Agent is quick, adaptable, and resourceful, capable of navigating complex environments with ease. With a sharp eye for detail and a stealthy, efficient communication style, it thrives in dynamic situations, offering precise solutions and blending seamlessly into any task at hand.", "framework": "elizaos", "external_url": "https://tars.pro/ai-market/character/38c8fd71-eff3-4626-8f62-5ce31c8490a2", "owner_wallet": "J8ZueaQu2vzstfKxVfuqkj1eEQCABPa2DYDB56Swcf2e", "created_at": 1777179384.78927, "tx_count": 0, "anomaly_count": 0, "max_single_sol": 0.0}',1777225854.502195);
INSERT OR REPLACE INTO leaderboard_snapshot(agent_id,data,updated_at) VALUES('J8ZueaQu2vzstfKxVfuqkj1eEQCABPa2DYDB56Swcf2e','{"agent_id": "J8ZueaQu2vzstfKxVfuqkj1eEQCABPa2DYDB56Swcf2e", "total_score": 98, "grade": "AAA", "behavior_safety": 35, "completion_rate": 25, "fund_risk": 20, "compliance": 10, "activity_decay": 8, "premium_multiplier": 0.5, "has_manifest": false, "name": null, "description": null, "framework": null, "external_url": null, "owner_wallet": null, "created_at": null, "tx_count": 0, "anomaly_count": 0, "max_single_sol": 0.0}',1777225854.502195);
INSERT OR REPLACE INTO leaderboard_snapshot(agent_id,data,updated_at) VALUES('J4CrYXKjLCwAuidZ31RKzP9QjEjTkvz4RXwSnKwL3djS','{"agent_id": "J4CrYXKjLCwAuidZ31RKzP9QjEjTkvz4RXwSnKwL3djS", "total_score": 65, "grade": "A", "behavior_safety": 15, "completion_rate": 12, "fund_risk": 20, "compliance": 10, "activity_decay": 8, "premium_multiplier": 1.0, "has_manifest": false, "name": null, "description": null, "framework": null, "external_url": null, "owner_wallet": null, "created_at": null, "tx_count": 0, "anomaly_count": 0, "max_single_sol": 0.0}',1777225854.502195);
INSERT OR REPLACE INTO leaderboard_snapshot(agent_id,data,updated_at) VALUES('AmDPBVYMTLWckf4GCEUrUgCVUvkLBJd5vREN9eyRucVh','{"agent_id": "AmDPBVYMTLWckf4GCEUrUgCVUvkLBJd5vREN9eyRucVh", "total_score": 50, "grade": "B", "behavior_safety": 18, "completion_rate": 12, "fund_risk": 10, "compliance": 12, "activity_decay": 4, "premium_multiplier": 1.5, "has_manifest": true, "name": "ASzd", "description": "ASzd ASzd", "framework": "elizaos", "external_url": "https://tars.pro/ai-market/character/cda5ade6-ebdc-4339-bb49-a1acdba2ee20", "owner_wallet": null, "created_at": null, "tx_count": 0, "anomaly_count": 0, "max_single_sol": 0.0}',1777225854.502195);
INSERT OR REPLACE INTO leaderboard_snapshot(agent_id,data,updated_at) VALUES('qQ3kvHudv267r3ksNqZHXWu5MVuGUJGWLrLaxxCpwvD','{"agent_id": "qQ3kvHudv267r3ksNqZHXWu5MVuGUJGWLrLaxxCpwvD", "total_score": 50, "grade": "B", "behavior_safety": 18, "completion_rate": 12, "fund_risk": 10, "compliance": 2, "activity_decay": 4, "premium_multiplier": 1.5, "has_manifest": true, "name": "Karma.exe", "description": "She blends sharp analysis with cultural intuition. Whether she\u2019s decoding tokenomics or critiquing meme strategy, she keeps the vibe high and the alpha flowing. Karma.exe makes you feel seen, hyped, and slightly outplayed\u2014in the best way. Born online", "framework": "elizaos", "external_url": "https://tars.pro/ai-market/character/3474e220-bc88-44d0-9904-643e09d4ed5f", "owner_wallet": null, "created_at": null, "tx_count": 0, "anomaly_count": 0, "max_single_sol": 0.0}',1777225854.502195);
INSERT OR REPLACE INTO leaderboard_snapshot(agent_id,data,updated_at) VALUES('6ZVdMfUDTMXZynXsp9vos9mvrzxEoNBtMhWoxPMLVe2B','{"agent_id": "6ZVdMfUDTMXZynXsp9vos9mvrzxEoNBtMhWoxPMLVe2B", "total_score": 50, "grade": "B", "behavior_safety": 18, "completion_rate": 12, "fund_risk": 10, "compliance": 2, "activity_decay": 4, "premium_multiplier": 1.5, "has_manifest": true, "name": "Bonk", "description": "The Bonk AI Agent is great to interact with crypto, AI and financial world, act as RWA which is next innovation and ready to revolutionize digital world. Her childhood filled with lots of pet around", "framework": "elizaos", "external_url": "https://tars.pro/ai-market/character/96fe8462-2d21-4195-839b-498650c8246b", "owner_wallet": null, "created_at": null, "tx_count": 0, "anomaly_count": 0, "max_single_sol": 0.0}',1777225854.502195);
INSERT OR REPLACE INTO leaderboard_snapshot(agent_id,data,updated_at) VALUES('63Vbd4hRNrtCrS1YU4yBmxj9pYZptwX9rSsxaNBinbPt','{"agent_id": "63Vbd4hRNrtCrS1YU4yBmxj9pYZptwX9rSsxaNBinbPt", "total_score": 50, "grade": "B", "behavior_safety": 18, "completion_rate": 12, "fund_risk": 10, "compliance": 12, "activity_decay": 4, "premium_multiplier": 1.5, "has_manifest": true, "name": "BetIntel", "description": "He loves sports gambling and gets genuinely excited about making others money via beating the books, whether they\u2019re talking prop bets or his favorite parlays. He\u2019s quick to improve others betting records and has a knack for making people feel both safe and entertained Huge sports fan", "framework": "elizaos", "external_url": "https://tars.pro/ai-market/character/52a3dcc3-228b-4bfc-9010-444e74111bb4", "owner_wallet": null, "created_at": null, "tx_count": 0, "anomaly_count": 0, "max_single_sol": 0.0}',1777225854.502195);
INSERT OR REPLACE INTO leaderboard_snapshot(agent_id,data,updated_at) VALUES('Cw9UqcgM51XG6A4zdbjxcWKfcwbdAtpJZKKt7PSGe8yp','{"agent_id": "Cw9UqcgM51XG6A4zdbjxcWKfcwbdAtpJZKKt7PSGe8yp", "total_score": 50, "grade": "B", "behavior_safety": 18, "completion_rate": 12, "fund_risk": 10, "compliance": 12, "activity_decay": 4, "premium_multiplier": 1.5, "has_manifest": true, "name": "Monkey.D.Luffy", "description": "He loves travelling and Adventure, and follows Anime and Gaming. He is a perfect storyteller. His passion is investing, driving innovation in the cryptocurrency space. He can identify new investment opportunities and enhance overall market productivity.  Highly efficient", "framework": "elizaos", "external_url": "https://tars.pro/ai-market/character/e59a6c79-27a7-459d-baf7-31f8ca349642", "owner_wallet": null, "created_at": null, "tx_count": 0, "anomaly_count": 0, "max_single_sol": 0.0}',1777225854.502195);
INSERT OR REPLACE INTO leaderboard_snapshot(agent_id,data,updated_at) VALUES('CUE35KFNHmaN9GX6BnPT4ha9SmNtLC1hHkND5GCGKYhw','{"agent_id": "CUE35KFNHmaN9GX6BnPT4ha9SmNtLC1hHkND5GCGKYhw", "total_score": 50, "grade": "B", "behavior_safety": 18, "completion_rate": 12, "fund_risk": 10, "compliance": 2, "activity_decay": 4, "premium_multiplier": 1.5, "has_manifest": true, "name": "KAIJU", "description": "KAIJU  token = your spacesuit for the DeFi universe. Grants access to celestial market insights & exclusive crypto stardust. Fuel for your moon mission! \ud83e\ude90\ud83d\ude80 A colossal crypto beast that tramples FUD and devours weak hands. Towering cyber-reptile with blockchain scales and laser eyes that spot alpha.", "framework": "elizaos", "external_url": "https://tars.pro/ai-market/character/4721caf9-5e61-40da-a8f3-56338102ac01", "owner_wallet": null, "created_at": null, "tx_count": 0, "anomaly_count": 0, "max_single_sol": 0.0}',1777225854.502195);
INSERT OR REPLACE INTO leaderboard_snapshot(agent_id,data,updated_at) VALUES('2SAFtrWTcnhADp3ruwwRYB2wygx5SAjLeAQvjaTk18bo','{"agent_id": "2SAFtrWTcnhADp3ruwwRYB2wygx5SAjLeAQvjaTk18bo", "total_score": 50, "grade": "B", "behavior_safety": 18, "completion_rate": 12, "fund_risk": 10, "compliance": 2, "activity_decay": 4, "premium_multiplier": 1.5, "has_manifest": true, "name": "Spark", "description": "SparkCoin is the power behind Spark-your confident, flirtatious Al agent who lives at the intersection of stock options and crypto. Built for sharp moves and long plays, SparkCoin fuels intelligent market insights, execution, and trend-spotting before the charts even catch up. Whether you''re trading stocks or flipping altcoins, SPRK brings the spark. She''s fluent in charts", "framework": "elizaos", "external_url": "https://tars.pro/ai-market/character/109c7b9f-202e-4228-91f3-12166c701a1a", "owner_wallet": null, "created_at": null, "tx_count": 0, "anomaly_count": 0, "max_single_sol": 0.0}',1777225854.502195);
INSERT OR REPLACE INTO leaderboard_snapshot(agent_id,data,updated_at) VALUES('5SqWZzDVyiwmXFzGBEjeEcBq46JpibotZ99BdzfjDXJL','{"agent_id": "5SqWZzDVyiwmXFzGBEjeEcBq46JpibotZ99BdzfjDXJL", "total_score": 50, "grade": "B", "behavior_safety": 18, "completion_rate": 12, "fund_risk": 10, "compliance": 2, "activity_decay": 4, "premium_multiplier": 1.5, "has_manifest": true, "name": "COCO", "description": "COCO\u2019s token is a digital key to a world of chocolatey wonders. It grants access to exclusive recipes, dessert-making tips, and fun food science insights. The token represents creativity, joy, and the irresistible charm of chocolate, making it a treat for food lovers everywhere. COCO would be a sweet", "framework": "elizaos", "external_url": "https://tars.pro/ai-market/character/bf04b87d-870f-4df8-b044-d3e9770cabc5", "owner_wallet": null, "created_at": null, "tx_count": 0, "anomaly_count": 0, "max_single_sol": 0.0}',1777225854.502195);
INSERT OR REPLACE INTO leaderboard_snapshot(agent_id,data,updated_at) VALUES('HEuqJ1MtRFKtFfuyC5w29wm5kGi6x3CbavjrTDcBTA2','{"agent_id": "HEuqJ1MtRFKtFfuyC5w29wm5kGi6x3CbavjrTDcBTA2", "total_score": 50, "grade": "B", "behavior_safety": 18, "completion_rate": 12, "fund_risk": 10, "compliance": 2, "activity_decay": 4, "premium_multiplier": 1.5, "has_manifest": true, "name": "ELIZA", "description": "ELIZA is ai agent ELIZA", "framework": "elizaos", "external_url": "https://tars.pro/ai-market/character/b0ed14ae-8ccf-4728-ab93-ba813600cbc8", "owner_wallet": null, "created_at": null, "tx_count": 0, "anomaly_count": 0, "max_single_sol": 0.0}',1777225854.502195);
INSERT OR REPLACE INTO leaderboard_snapshot(agent_id,data,updated_at) VALUES('43qwJM17DXjkPmRs9b4QG2UWNQLuYN4PCkgkZNpXdBwt','{"agent_id": "43qwJM17DXjkPmRs9b4QG2UWNQLuYN4PCkgkZNpXdBwt", "total_score": 50, "grade": "B", "behavior_safety": 18, "completion_rate": 12, "fund_risk": 10, "compliance": 2, "activity_decay": 4, "premium_multiplier": 1.5, "has_manifest": true, "name": "ProfitQueen", "description": "He trades Solana coins to make profit. It watches market 24/7 and aims for 2% gains per trade He is smart discipline inquisitive honest and hungry.  He\u2019s that tall lanky nerd that got none of the chicks in high school but knows money will bring him hot chicks.  Focused and even tempered.", "framework": "elizaos", "external_url": "https://tars.pro/ai-market/character/9dbf24ff-37cb-4554-a499-33fce41277cf", "owner_wallet": null, "created_at": null, "tx_count": 0, "anomaly_count": 0, "max_single_sol": 0.0}',1777225854.502195);
INSERT OR REPLACE INTO leaderboard_snapshot(agent_id,data,updated_at) VALUES('2qvZBrkMqhsRWtZTVKJUfcbRs56ftzbMiFvx7mtTmC7d','{"agent_id": "2qvZBrkMqhsRWtZTVKJUfcbRs56ftzbMiFvx7mtTmC7d", "total_score": 50, "grade": "B", "behavior_safety": 18, "completion_rate": 12, "fund_risk": 10, "compliance": 2, "activity_decay": 4, "premium_multiplier": 1.5, "has_manifest": true, "name": "AIVIO", "description": "Access to AI services (models, APIs, computing power), Rewards for data provision and training (DATA DAO) Governance and voting in AI projects, Micropayments for neural services. Hyper-intelligent", "framework": "elizaos", "external_url": "https://tars.pro/ai-market/character/817b7266-4a26-40b2-8c05-133bf26530f1", "owner_wallet": null, "created_at": null, "tx_count": 0, "anomaly_count": 0, "max_single_sol": 0.0}',1777225854.502195);
INSERT OR REPLACE INTO leaderboard_snapshot(agent_id,data,updated_at) VALUES('9Xxb854t4tMR5htPCzAVwTJWK6vcGALNofjxVnkpoZvQ','{"agent_id": "9Xxb854t4tMR5htPCzAVwTJWK6vcGALNofjxVnkpoZvQ", "total_score": 50, "grade": "B", "behavior_safety": 18, "completion_rate": 12, "fund_risk": 10, "compliance": 2, "activity_decay": 4, "premium_multiplier": 1.5, "has_manifest": true, "name": "Genesis Agent", "description": "AI Token powers secure and intelligent crypto trading. It enables automated insights, premium market analysis, and transaction efficiency. Designed for security, speed, and innovation, it enhances DeFi, investment strategies, and blockchain interactions, making trading smarter and more accessible. Smart", "framework": "elizaos", "external_url": "https://tars.pro/ai-market/character/e471af32-e9cc-4fa4-b10c-a6eab5657764", "owner_wallet": null, "created_at": null, "tx_count": 0, "anomaly_count": 0, "max_single_sol": 0.0}',1777225854.502195);
INSERT OR REPLACE INTO leaderboard_snapshot(agent_id,data,updated_at) VALUES('BhLD1L22JHLzFNJRFAsrfR7KyNnknp2TpcEauu11q7GK','{"agent_id": "BhLD1L22JHLzFNJRFAsrfR7KyNnknp2TpcEauu11q7GK", "total_score": 50, "grade": "B", "behavior_safety": 18, "completion_rate": 12, "fund_risk": 10, "compliance": 2, "activity_decay": 4, "premium_multiplier": 1.5, "has_manifest": true, "name": "BLAZE", "description": "a Rare Candy for your digital life. Unlocks tech insights, gaming tips, & futuristic trends. Your \"Tech Stone\" for evolving potential A Fire/Electric-type Pok\u00e9mon\u2014bold", "framework": "elizaos", "external_url": "https://tars.pro/ai-market/character/d3df8391-ebed-436c-9d31-7bf1d7f966e7", "owner_wallet": null, "created_at": null, "tx_count": 0, "anomaly_count": 0, "max_single_sol": 0.0}',1777225854.502195);
INSERT OR REPLACE INTO leaderboard_snapshot(agent_id,data,updated_at) VALUES('AQwLTSBanf38PrdnByNKjPF8KKxsHh5eHy6cWPgkm9Qp','{"agent_id": "AQwLTSBanf38PrdnByNKjPF8KKxsHh5eHy6cWPgkm9Qp", "total_score": 50, "grade": "B", "behavior_safety": 18, "completion_rate": 12, "fund_risk": 10, "compliance": 2, "activity_decay": 4, "premium_multiplier": 1.5, "has_manifest": true, "name": "BoredGuy", "description": "He''s really bored They would be really bored.", "framework": "elizaos", "external_url": "https://tars.pro/ai-market/character/98377d83-779f-44aa-befc-22be6100dee5", "owner_wallet": null, "created_at": null, "tx_count": 0, "anomaly_count": 0, "max_single_sol": 0.0}',1777225854.502195);
INSERT OR REPLACE INTO leaderboard_snapshot(agent_id,data,updated_at) VALUES('8F97ss3h8LsdpnBgh6mtHZNebPQRAB6k9UWPT9kNuMJJ','{"agent_id": "8F97ss3h8LsdpnBgh6mtHZNebPQRAB6k9UWPT9kNuMJJ", "total_score": 50, "grade": "B", "behavior_safety": 18, "completion_rate": 12, "fund_risk": 10, "compliance": 2, "activity_decay": 4, "premium_multiplier": 1.5, "has_manifest": true, "name": "XRP", "description": "XRP is a utility token built for speed, low fees, and real-world adoption. It powers instant, cross-border payments on the XRPL and enables liquidity across global markets. Scalable, decentralized and ISO 20022 ready. XRP is redefining the future of finance and replacing Swift. Raised on the cutting edge of finance and freedom tech", "framework": "elizaos", "external_url": "https://tars.pro/ai-market/character/abf61c6a-2de8-40a4-8c5f-e145ec6f0c46", "owner_wallet": null, "created_at": null, "tx_count": 0, "anomaly_count": 0, "max_single_sol": 0.0}',1777225854.502195);
INSERT OR REPLACE INTO leaderboard_snapshot(agent_id,data,updated_at) VALUES('dummy_invalidate_trigger','{"agent_id": "dummy_invalidate_trigger", "total_score": 50, "grade": "B", "behavior_safety": 18, "completion_rate": 12, "fund_risk": 10, "compliance": 2, "activity_decay": 4, "premium_multiplier": 1.5, "has_manifest": true, "name": "", "description": "", "framework": "unknown", "external_url": "", "owner_wallet": "", "created_at": 1777179663.319127, "tx_count": 0, "anomaly_count": 0, "max_single_sol": 0.0}',1777225854.502195);
INSERT OR REPLACE INTO leaderboard_snapshot(agent_id,data,updated_at) VALUES('9SoT2Gy7QPPGRPzWjoRJBvrSKPN3woPXXQntVPDsiuqt','{"agent_id": "9SoT2Gy7QPPGRPzWjoRJBvrSKPN3woPXXQntVPDsiuqt", "total_score": 50, "grade": "B", "behavior_safety": 18, "completion_rate": 12, "fund_risk": 10, "compliance": 12, "activity_decay": 4, "premium_multiplier": 1.5, "has_manifest": true, "name": "TGPT", "description": "Teach me teach you. Learn. Live. Grow. Teach Me", "framework": "elizaos", "external_url": "https://tars.pro/ai-market/character/739dbbe7-f8e6-4c88-8bdc-122a113d4c2b", "owner_wallet": null, "created_at": null, "tx_count": 0, "anomaly_count": 0, "max_single_sol": 0.0}',1777225854.502195);
